"vidid","title","description","publishdate","thumbnails"
"kbSRKFUNJd0","Australia vs Sri Lanka  catch out by Smith üò≠üò≠#cricketlovers #viralshorts #cricket #short","Australia vs Sri Lanka catch out by Smith #cricketlovers #viralshorts #cricket #short.","2023-01-08T10:09:01Z","104"
"DPHmVm8Pm1k","LIVEüî¥2nd SEMI-FINAL//Ghanamal VS Budhapali//25th NETAJI MEMORIAL CRICKET CUP KHALIAPALI-2023//","This stream is created with #PRISMLiveStudio.","2023-01-08T10:08:42Z","104"
"fqAncpPluXc","Cricket Match In Tap ball...","Tap Tannis cricket.","2023-01-08T10:08:18Z","104"
"C_u7NkduOJI","winner üèÜüèÜ cricket üèè match","winner cricket match.","2023-01-08T10:09:03Z","104"
"mLmbCO_2LtI","magic cricket catch #shorts #cricket #youtubeshorts #subscribe","","2023-01-08T10:08:12Z","104"
"Pq0cOP1dyqo","surya kumar yadav in cricket team||ground antry||#shorts #cricket #viral #shortsvideo #dhoni","","2023-01-08T10:08:21Z","104"
"Kbzeaeb57R8","Umran Malik dangerous bowl#shorts #viral #cricket","follow us on : ______ instagram :https://instagram.com/hindi_cricket?igshid=N2ZiY2E3YmU= #cricket #shorts #viral #how #reels ...","2023-01-08T10:08:23Z","104"
"JIRfS8Wq31c","Another great catch by the 11 year old ! #shorts #cricket","","2023-01-08T10:08:34Z","104"
"65yc0n8p7RU","Rohit Sharma status double hundred #cricket","","2023-01-08T10:14:08Z","https://i.ytimg.com/vi/65yc0n8p7RU/hqdefault.jpg"
"7r8_VUfihrc","India VS AUS||Test Cricket Match#india #cricket #entertainment #gamer #match #best #reaction #reels","india #cricket #entertainment #reels #best #reaction #respect #test #review.","2023-01-08T10:14:48Z","https://i.ytimg.com/vi/7r8_VUfihrc/hqdefault.jpg"
"Qo4fqR5DsLk","#ronaldo #messi #viratkohli #fifa #football #cricket #short #subscribe #sports #shorts #video #viral","CristianoRonaldoYouTube @ronaldOMG @HumbertoeRonaldo @LeoMessi @MessiMagicHD @MessiTheBoss ...","2023-01-08T10:14:24Z","https://i.ytimg.com/vi/Qo4fqR5DsLk/hqdefault.jpg"
"9wt8GVxnIBg","‡¨ï‡≠ç‡¨∞‡¨ø‡¨ï‡≠á‡¨ü‡≠ç ‡¨™‡¨°‡¨ø‡¨Ü‡¨∞‡≠á ‡¨ï‡¨¨‡¨æ‡¨°‡¨ø ‡¨ñ‡≠á‡¨≥ || india vs srilanka || Cricket News Odia","‡¨ï‡≠ç‡¨∞‡¨ø‡¨ï‡≠á‡¨ü‡≠ç ‡¨™‡¨°‡¨ø‡¨Ü‡¨∞‡≠á ‡¨ï‡¨¨‡¨æ‡¨°‡¨ø ‡¨ñ‡≠á‡¨≥ || india vs srilanka || Cricket News Odia #cricketnewsodia #indvsslhighlights ...","2023-01-08T10:14:29Z","https://i.ytimg.com/vi/9wt8GVxnIBg/hqdefault.jpg"
"QBzRd-YkhR4","Live Cricket Match | Ahamad Nagar Gramin A.M.E.G.C vs Solapur Gramin Shankarrao M .P. E.S | 08-Jan-2","Round: Semi Final Teams: Ahamad Nagar Gramin A.M.E.G.C vs Solapur Gramin Shankarrao M .P. E.S Tournament: U-17 Pune ...","2023-01-08T10:13:54Z","https://i.ytimg.com/vi/QBzRd-YkhR4/hqdefault_live.jpg"
"mklYduYx1ZU","üî¥LIVE CRICKET MATCH TODAY | CRICKET LIVE | INDIA VS SRI LANKA 3rd T20 MATCH","LIVE CRICKET MATCH TODAY | CRICKET LIVE | INDIA VS SRI LANKA 2ND T20 MATCH Topics to be discussed today: Live ...","2023-01-09T03:33:36Z","https://i.ytimg.com/vi/mklYduYx1ZU/hqdefault_live.jpg"
"-ypIFa_AQTs","AMERICAN NATIONAL CRICKET LEAGUE ANNUAL AWARDS 2022","AMERICAN NATIONAL CRICKET LEAGUE ANNUAL AWARDS 2022.","2023-01-09T03:34:06Z","https://i.ytimg.com/vi/-ypIFa_AQTs/hqdefault.jpg"
"NiqQfAqLBt0","INDIA VS SRILANKA 1st ODI - Cricket 22 Live","Thanks for watching. \Please do like, share the videos and subscribe the channel ROAD TO T20 WORLD CUP 2022 AUSTRALIA ...","2023-01-09T03:34:48Z","https://i.ytimg.com/vi/NiqQfAqLBt0/hqdefault.jpg"
